{
  "$schema": "https://acode.app/schema/plugin/v0.1.0.json",
  "id": "acode.plugin",
  "name": "AndroBuild",
  "main": "main.js",
  "version": "1.0.0",
  "repository": "https://github.com/Acode-Foundation/acode-plugin.git",
  "icon": "icon.png",
  "minVersionCode": 290,
  "license": "MIT",
  "keywords": [],
  "price": 0,
  "author": {
    "name": "Daniel Uptain",
    "email": "mrfkry93@gmail.com",
    "github": "https://github.com/DUptain1993",
    "description": "A plugin for integrating Android build tools with Acode."
  },
  "dependencies": {
    "gradle": "^8.1.0",
    "kotlin": "^1.9.0"
  }
}
